Title Number,Title Name
Title 1,Write
Title 2,Practice
Title 3,Premium
Title 4,Jobs
Title 5,Implementing web scraping using lxml in Python
Title 6,Python | Tools in the world of Web Scraping
Title 7,Implementing Web Scraping in Python with Scrapy
Title 8,Pagination using Scrapy - Web Scraping with Python
Title 9,Web Scraping CryptoCurrency price and storing it in MongoDB using Python
Title 10,Web Scraping using lxml and XPath in Python
Title 11,Web scraping from Wikipedia using Python - A Complete Guide
Title 12,Quote Guessing Game using Web Scraping in Python
Title 13,Spoofing IP address when web scraping using Python
Title 14,How to Build Web scraping bot in Python
Title 15,Clean Web Scraping Data Using clean-text in Python
Title 16,Implementing Web Scraping in Python with BeautifulSoup
Title 17,Web Scraping Financial News Using Python
Title 18,What is Web Scraping and How to Use It?
Title 19,Web Scraping using Beautifulsoup and scrapingdog API
Title 20,Web Scraping - Amazon Customer Reviews
Title 21,The Complete Guide to Proxies For Web Scraping
Title 22,Web Scraping Without Getting Blocked
Title 23,How to not get caught while web scraping ?
Title 24,Web Scraping in Flutter
Title 25,Web Scraping - Legal or Illegal?
Title 26,Web Scraping Coronavirus Data into MS Excel
Title 27,Create Cricket Score API using Web Scraping in Flask
Title 28,Python Web Development - Django Tutorial
Title 29,Python Programming Foundation -Self Paced Course
Title 30,Amazon Alexa Hiring Challenge
Title 31,Complete Interview Preparation- Self Paced Course
